<?xml version="1.0" encoding="utf-8" ?>
<dwsync>
<file name="_align.scss" server="files.000webhost.com//public_html/" local="132339859506396628" remote="132536208000000000" Dst="0" />
<file name="_background.scss" server="files.000webhost.com//public_html/" local="132339859506576534" remote="132536208000000000" Dst="0" />
<file name="_borders.scss" server="files.000webhost.com//public_html/" local="132339859506816380" remote="132536208000000000" Dst="0" />
<file name="_clearfix.scss" server="files.000webhost.com//public_html/" local="132339859506926333" remote="132536208000000000" Dst="0" />
<file name="_embed.scss" server="files.000webhost.com//public_html/" local="132339859507446028" remote="132536208000000000" Dst="0" />
<file name="_display.scss" server="files.000webhost.com//public_html/" local="132339859507276127" remote="132536208000000000" Dst="0" />
<file name="_flex.scss" server="files.000webhost.com//public_html/" local="132339859507865791" remote="132536208000000000" Dst="0" />
<file name="_position.scss" server="files.000webhost.com//public_html/" local="132339859508155626" remote="132536208000000000" Dst="0" />
<file name="_float.scss" server="files.000webhost.com//public_html/" local="132339859507985713" remote="132536208000000000" Dst="0" />
<file name="_screenreaders.scss" server="files.000webhost.com//public_html/" local="132339859508485430" remote="132536208000000000" Dst="0" />
<file name="_sizing.scss" server="files.000webhost.com//public_html/" local="132339859508655329" remote="132536208000000000" Dst="0" />
<file name="_spacing.scss" server="files.000webhost.com//public_html/" local="132339859508965169" remote="132536208000000000" Dst="0" />
<file name="_text.scss" server="files.000webhost.com//public_html/" local="132339859509254993" remote="132536208000000000" Dst="0" />
<file name="_visibility.scss" server="files.000webhost.com//public_html/" local="132339859509414904" remote="132536208000000000" Dst="0" />
</dwsync>