<?xml version="1.0" encoding="utf-8" ?>
<dwsync>
<file name="easing.min.js" server="files.000webhost.com//public_html/" local="132339859474414952" remote="132536206800000000" Dst="0" />
<file name="jquery.ajaxchimp.min.js" server="files.000webhost.com//public_html/" local="132339859475694391" remote="132536206800000000" Dst="0" />
<file name="hoverIntent.js" server="files.000webhost.com//public_html/" local="132339859475054577" remote="132536206800000000" Dst="0" />
<file name="jquery.counterup.min.js" server="files.000webhost.com//public_html/" local="132339859476363832" remote="132536206800000000" Dst="0" />
<file name="jquery.magnific-popup.min.js" server="files.000webhost.com//public_html/" local="132339859476953486" remote="132536206800000000" Dst="0" />
<file name="jquery.nice-select.min.js" server="files.000webhost.com//public_html/" local="132339859478632528" remote="132536206800000000" Dst="0" />
<file name="jquery.sticky.js" server="files.000webhost.com//public_html/" local="132339859479542024" remote="132536206800000000" Dst="0" />
<file name="mail-script.js" server="files.000webhost.com//public_html/" local="132339859479911832" remote="132536206800000000" Dst="0" />
<file name="main.js" server="files.000webhost.com//public_html/" local="132339859480401520" remote="132536206800000000" Dst="0" />
<file name="owl-carousel-thumb.min.js" server="files.000webhost.com//public_html/" local="132339859481480894" remote="132536206800000000" Dst="0" />
<file name="owl.carousel.min.js" server="files.000webhost.com//public_html/" local="132339859483529725" remote="132536206800000000" Dst="0" />
<file name="parallax.min.js" server="files.000webhost.com//public_html/" local="132339859484639086" remote="132536206800000000" Dst="0" />
<file name="slick.js" server="files.000webhost.com//public_html/" local="132339859486148222" remote="132536206800000000" Dst="0" />
<file name="superfish.js" server="files.000webhost.com//public_html/" local="132339859487257588" remote="132536206800000000" Dst="0" />
<file name="superfish.min.js" server="files.000webhost.com//public_html/" local="132339859487877227" remote="132536206800000000" Dst="0" />
<file name="waypoints.min.js" server="files.000webhost.com//public_html/" local="132339859494963174" remote="132536206800000000" Dst="0" />
<file name="wow.min.js" server="files.000webhost.com//public_html/" local="132339859495552838" remote="132536206800000000" Dst="0" />
</dwsync>