<?xml version="1.0" encoding="utf-8" ?>
<dwsync>
<file name="d.jpg" server="files.000webhost.com//public_html/" local="132339859442573189" remote="132536203800000000" Dst="0" />
<file name="disabled-check.png" server="files.000webhost.com//public_html/" local="132339859467558882" remote="132536203800000000" Dst="0" />
<file name="disabled-radio.png" server="files.000webhost.com//public_html/" local="132339859467648837" remote="132536203800000000" Dst="0" />
<file name="f1.jpg" server="files.000webhost.com//public_html/" local="132339859443202834" remote="132536203800000000" Dst="0" />
<file name="f2.jpg" server="files.000webhost.com//public_html/" local="132339859447090605" remote="132536203800000000" Dst="0" />
<file name="f3.jpg" server="files.000webhost.com//public_html/" local="132339859447660274" remote="132536203800000000" Dst="0" />
<file name="f4.jpg" server="files.000webhost.com//public_html/" local="132339859447880170" remote="132536203800000000" Dst="0" />
<file name="f5.jpg" server="files.000webhost.com//public_html/" local="132339859448269920" remote="132536203800000000" Dst="0" />
<file name="f6.jpg" server="files.000webhost.com//public_html/" local="132339859448869590" remote="132536203800000000" Dst="0" />
<file name="f7.jpg" server="files.000webhost.com//public_html/" local="132339859449799061" remote="132536203800000000" Dst="0" />
<file name="f8.jpg" server="files.000webhost.com//public_html/" local="132339859450478659" remote="132536203800000000" Dst="0" />
<file name="g1.jpg" server="files.000webhost.com//public_html/" local="132339859451917850" remote="132536204400000000" Dst="0" />
<file name="primary-check.png" server="files.000webhost.com//public_html/" local="132339859468138550" remote="132536205600000000" Dst="0" />
<file name="primary-radio.png" server="files.000webhost.com//public_html/" local="132339859468538322" remote="132536205600000000" Dst="0" />
<file name="success-radio.png" server="files.000webhost.com//public_html/" local="132339859469257889" remote="132536206200000000" Dst="0" />
<file name="g8.jpg" server="files.000webhost.com//public_html/" local="132339859461812176" remote="132536215800000000" Dst="0" />
<file name="g6.jpg" server="files.000webhost.com//public_html/" local="132339859458763905" remote="132536216400000000" Dst="0" />
<file name="g7.jpg" server="files.000webhost.com//public_html/" local="132339859461132556" remote="132536217000000000" Dst="0" />
<file name="g3.jpg" server="files.000webhost.com//public_html/" local="132339859454646273" remote="132536218200000000" Dst="0" />
<file name="g2.jpg" server="files.000webhost.com//public_html/" local="132339859453816750" remote="132536218200000000" Dst="0" />
<file name="g5.jpg" server="files.000webhost.com//public_html/" local="132339859457054890" remote="132536218800000000" Dst="0" />
<file name="g4.jpg" server="files.000webhost.com//public_html/" local="132339859456305327" remote="132536218800000000" Dst="0" />
<file name="success-check.png" server="files.000webhost.com//public_html/" local="132339859468978069" remote="132536218800000000" Dst="0" />
</dwsync>