<?xml version="1.0" encoding="utf-8" ?>
<dwsync>
<file name="bootstrap-grid.scss" server="files.000webhost.com//public_html/" local="132339859495982585" remote="132536207400000000" Dst="0" />
<file name="bootstrap.scss" server="files.000webhost.com//public_html/" local="132339859497691618" remote="132536207400000000" Dst="0" />
<file name="_alert.scss" server="files.000webhost.com//public_html/" local="132339859509754707" remote="132536208000000000" Dst="0" />
<file name="_badge.scss" server="files.000webhost.com//public_html/" local="132339859510284402" remote="132536208000000000" Dst="0" />
<file name="_breadcrumb.scss" server="files.000webhost.com//public_html/" local="132339859510754127" remote="132536208000000000" Dst="0" />
<file name="_button-group.scss" server="files.000webhost.com//public_html/" local="132339859511203880" remote="132536208000000000" Dst="0" />
<file name="_buttons.scss" server="files.000webhost.com//public_html/" local="132339859511583656" remote="132536208000000000" Dst="0" />
<file name="_card.scss" server="files.000webhost.com//public_html/" local="132339859512083370" remote="132536208000000000" Dst="0" />
<file name="_carousel.scss" server="files.000webhost.com//public_html/" local="132339859512383197" remote="132536208000000000" Dst="0" />
<file name="_close.scss" server="files.000webhost.com//public_html/" local="132339859512902926" remote="132536208000000000" Dst="0" />
<file name="_code.scss" server="files.000webhost.com//public_html/" local="132339859513342651" remote="132536208000000000" Dst="0" />
<file name="_custom-forms.scss" server="files.000webhost.com//public_html/" local="132339859513822368" remote="132536208000000000" Dst="0" />
<file name="_dropdown.scss" server="files.000webhost.com//public_html/" local="132339859514312101" remote="132536208000000000" Dst="0" />
<file name="_forms.scss" server="files.000webhost.com//public_html/" local="132339859514751847" remote="132536208000000000" Dst="0" />
<file name="_grid.scss" server="files.000webhost.com//public_html/" local="132339859515371486" remote="132536208000000000" Dst="0" />
<file name="_functions.scss" server="files.000webhost.com//public_html/" local="132339859515121632" remote="132536208000000000" Dst="0" />
<file name="_images.scss" server="files.000webhost.com//public_html/" local="132339859515831223" remote="132536208000000000" Dst="0" />
<file name="_jumbotron.scss" server="files.000webhost.com//public_html/" local="132339859516380912" remote="132536208000000000" Dst="0" />
<file name="_input-group.scss" server="files.000webhost.com//public_html/" local="132339859516250979" remote="132536208000000000" Dst="0" />
<file name="_list-group.scss" server="files.000webhost.com//public_html/" local="132339859516700742" remote="132536208000000000" Dst="0" />
<file name="_mixins.scss" server="files.000webhost.com//public_html/" local="132339859517680160" remote="132536208000000000" Dst="0" />
<file name="_media.scss" server="files.000webhost.com//public_html/" local="132339859517300393" remote="132536208000000000" Dst="0" />
<file name="_modal.scss" server="files.000webhost.com//public_html/" local="132339859518219854" remote="132536208000000000" Dst="0" />
<file name="_navbar.scss" server="files.000webhost.com//public_html/" local="132339859519109353" remote="132536208600000000" Dst="0" />
<file name="_nav.scss" server="files.000webhost.com//public_html/" local="132339859518609631" remote="132536208600000000" Dst="0" />
<file name="_pagination.scss" server="files.000webhost.com//public_html/" local="132339859519589068" remote="132536208600000000" Dst="0" />
<file name="_popover.scss" server="files.000webhost.com//public_html/" local="132339859520178733" remote="132536208600000000" Dst="0" />
<file name="_print.scss" server="files.000webhost.com//public_html/" local="132339859527864327" remote="132536208600000000" Dst="0" />
<file name="_progress.scss" server="files.000webhost.com//public_html/" local="132339859528094196" remote="132536208600000000" Dst="0" />
<file name="_reboot.scss" server="files.000webhost.com//public_html/" local="132339859528493968" remote="132536208600000000" Dst="0" />
<file name="_root.scss" server="files.000webhost.com//public_html/" local="132339859528813780" remote="132536208600000000" Dst="0" />
<file name="_tables.scss" server="files.000webhost.com//public_html/" local="132339859529003707" remote="132536208600000000" Dst="0" />
<file name="_tooltip.scss" server="files.000webhost.com//public_html/" local="132339859529353474" remote="132536208600000000" Dst="0" />
<file name="_type.scss" server="files.000webhost.com//public_html/" local="132339859529873183" remote="132536208600000000" Dst="0" />
<file name="_transitions.scss" server="files.000webhost.com//public_html/" local="132339859529493396" remote="132536208600000000" Dst="0" />
<file name="_utilities.scss" server="files.000webhost.com//public_html/" local="132339859530023091" remote="132536208600000000" Dst="0" />
<file name="_variables.scss" server="files.000webhost.com//public_html/" local="132339859530672734" remote="132536208600000000" Dst="0" />
<file name="bootstrap-reboot.scss" server="files.000webhost.com//public_html/" local="132339859496092528" remote="132536216400000000" Dst="0" />
</dwsync>