<?xml version="1.0" encoding="utf-8" ?>
<dwsync>
<file name=".htaccess" server="files.000webhost.com//public_html/" local="132536134454246803" remote="132536199600000000" Dst="0" />
<file name="favicon.ico" server="files.000webhost.com//public_html/" local="131110003852958615" remote="132536199600000000" Dst="0" />
<file name="index.php" server="files.000webhost.com//public_html/" local="132536134454266796" remote="132536206800000000" Dst="0" />
<file name="logo-xs.jpg" server="files.000webhost.com//public_html/" local="131246429980669857" remote="132536206800000000" Dst="0" />
<file name="logo.jpg" server="files.000webhost.com//public_html/" local="131110000182103146" remote="132536207400000000" Dst="0" />
<file name="logo.png" server="files.000webhost.com//public_html/" local="132514415613435180" remote="132536207400000000" Dst="0" />
<file name="robots.txt" server="files.000webhost.com//public_html/" local="132536134454286786" remote="132536207400000000" Dst="0" />
<file name="style.css" server="files.000webhost.com//public_html/" local="132536134454286786" remote="132536209200000000" Dst="0" />
<file name="web.config" server="files.000webhost.com//public_html/" local="132536134454296788" remote="132536209200000000" Dst="0" />
</dwsync>