<?xml version="1.0" encoding="utf-8" ?>
<dwsync>
<file name="ads-banner.jpg" server="files.000webhost.com//public_html/" local="132339859421215431" remote="132536200200000000" Dst="0" />
<file name="c1.jpg" server="files.000webhost.com//public_html/" local="132339859425542958" remote="132536200200000000" Dst="0" />
<file name="c2.jpg" server="files.000webhost.com//public_html/" local="132339859425952731" remote="132536200200000000" Dst="0" />
<file name="c3.jpg" server="files.000webhost.com//public_html/" local="132339859426322518" remote="132536200800000000" Dst="0" />
<file name="c4.jpg" server="files.000webhost.com//public_html/" local="132339859426702446" remote="132536200800000000" Dst="0" />
<file name="c5.jpg" server="files.000webhost.com//public_html/" local="132339859427511828" remote="132536200800000000" Dst="0" />
<file name="c6.jpg" server="files.000webhost.com//public_html/" local="132339859428101512" remote="132536200800000000" Dst="0" />
<file name="cat-widget1.jpg" server="files.000webhost.com//public_html/" local="132339859429350794" remote="132536200800000000" Dst="0" />
<file name="cat-widget2.jpg" server="files.000webhost.com//public_html/" local="132339859429920448" remote="132536200800000000" Dst="0" />
<file name="cat-widget3.jpg" server="files.000webhost.com//public_html/" local="132339859430919882" remote="132536201400000000" Dst="0" />
<file name="pp1.jpg" server="files.000webhost.com//public_html/" local="132339859439444996" remote="132536203800000000" Dst="0" />
<file name="pp3.jpg" server="files.000webhost.com//public_html/" local="132339859440094610" remote="132536203800000000" Dst="0" />
<file name="pp2.jpg" server="files.000webhost.com//public_html/" local="132339859439704849" remote="132536203800000000" Dst="0" />
<file name="pp4.jpg" server="files.000webhost.com//public_html/" local="132339859441264125" remote="132536203800000000" Dst="0" />
<file name="prev.jpg" server="files.000webhost.com//public_html/" local="132339859441543797" remote="132536203800000000" Dst="0" />
<file name="s-img.jpg" server="files.000webhost.com//public_html/" local="132339859441983565" remote="132536203800000000" Dst="0" />
<file name="user-info.png" server="files.000webhost.com//public_html/" local="132339859467269046" remote="132536203800000000" Dst="0" />
<file name="post-img2.jpg" server="files.000webhost.com//public_html/" local="132339859438915301" remote="132536214000000000" Dst="0" />
<file name="feature-img1.jpg" server="files.000webhost.com//public_html/" local="132339859432958713" remote="132536217000000000" Dst="0" />
<file name="feature-img2.jpg" server="files.000webhost.com//public_html/" local="132339859434717687" remote="132536217000000000" Dst="0" />
<file name="feature-img5.jpg" server="files.000webhost.com//public_html/" local="132339859437326195" remote="132536217600000000" Dst="0" />
<file name="feature-img4.jpg" server="files.000webhost.com//public_html/" local="132339859436646595" remote="132536217600000000" Dst="0" />
<file name="feature-img3.jpg" server="files.000webhost.com//public_html/" local="132339859435996957" remote="132536217600000000" Dst="0" />
<file name="next.jpg" server="files.000webhost.com//public_html/" local="132339859437885885" remote="132536217600000000" Dst="0" />
<file name="post-img1.jpg" server="files.000webhost.com//public_html/" local="132339859438535525" remote="132536218200000000" Dst="0" />
</dwsync>