<?xml version="1.0" encoding="utf-8" ?>
<dwsync>
<file name="countdown-1-1000x1000.jpg" server="files.000webhost.com//public_html/" local="131575841480000000" remote="132497407800000000" Dst="0" />
<file name="countdown-4-1000x1000.jpg" server="files.000webhost.com//public_html/" local="131581923380000000" remote="132497407800000000" Dst="0" />
<file name="countdown-2-1000x1000.jpg" server="files.000webhost.com//public_html/" local="131575844340000000" remote="132497407800000000" Dst="0" />
<file name="countdown-3-1600x900.jpg" server="files.000webhost.com//public_html/" local="131575845600000000" remote="132497407800000000" Dst="0" />
<file name="countdown-5-1600x900.jpg" server="files.000webhost.com//public_html/" local="131575848460000000" remote="132497407800000000" Dst="0" />
<file name="countdown-7-1600x900.jpg" server="files.000webhost.com//public_html/" local="131581976640000000" remote="132497407800000000" Dst="0" />
<file name="countdown-6-1600x900.jpg" server="files.000webhost.com//public_html/" local="131575846880000000" remote="132497407800000000" Dst="0" />
<file name="logo-black.png" server="files.000webhost.com//public_html/" local="131575843000000000" remote="132497409000000000" Dst="0" />
<file name="logo-white.png" server="files.000webhost.com//public_html/" local="131581924880000000" remote="132497409000000000" Dst="0" />
</dwsync>