<?xml version="1.0" encoding="utf-8" ?>
<dwsync>
<file name="fontawesome-webfont.eot" server="files.000webhost.com//public_html/" local="132339859408237706" remote="132536199600000000" Dst="0" />
<file name="fontawesome-webfont.woff" server="files.000webhost.com//public_html/" local="132339859419526409" remote="132536200200000000" Dst="0" />
<file name="fontawesome-webfont.ttf" server="files.000webhost.com//public_html/" local="132339859417687456" remote="132536200200000000" Dst="0" />
<file name="fontawesome-webfont.svg" server="files.000webhost.com//public_html/" local="132339859414715515" remote="132536200200000000" Dst="0" />
<file name="Linearicons-Free.eot" server="files.000webhost.com//public_html/" local="132339859409177169" remote="132536200200000000" Dst="0" />
<file name="Linearicons-Free.ttf" server="files.000webhost.com//public_html/" local="132339859418357073" remote="132536200200000000" Dst="0" />
<file name="Linearicons-Free.svg" server="files.000webhost.com//public_html/" local="132339859416494468" remote="132536200200000000" Dst="0" />
<file name="Linearicons-Free.woff" server="files.000webhost.com//public_html/" local="132339859420475864" remote="132536200200000000" Dst="0" />
</dwsync>