<?xml version="1.0" encoding="utf-8" ?>
<dwsync>
<file name="bootstrap.js" server="files.000webhost.com//public_html/" local="131281873720000000" remote="132497407200000000" Dst="0" />
<file name="jquery-3.1.1.min.js" server="files.000webhost.com//public_html/" local="131224275060000000" remote="132497407200000000" Dst="0" />
<file name="jquery.classycountdown.js" server="files.000webhost.com//public_html/" local="131576804480000000" remote="132497407200000000" Dst="0" />
<file name="jquery.countdown.min.js" server="files.000webhost.com//public_html/" local="131147826040000000" remote="132497407200000000" Dst="0" />
<file name="jquery.knob.js" server="files.000webhost.com//public_html/" local="130609422200000000" remote="132497407200000000" Dst="0" />
<file name="jquery.throttle.js" server="files.000webhost.com//public_html/" local="130609403840000000" remote="132497407200000000" Dst="0" />
<file name="scripts.js" server="files.000webhost.com//public_html/" local="131581928280000000" remote="132497407800000000" Dst="0" />
<file name="TimeCircles.js" server="files.000webhost.com//public_html/" local="131070453200000000" remote="132497407800000000" Dst="0" />
<file name="tether.min.js" server="files.000webhost.com//public_html/" local="131129604700000000" remote="132497407800000000" Dst="0" />
</dwsync>