<?xml version="1.0" encoding="utf-8" ?>
<dwsync>
<file name="_blog.scss" server="files.000webhost.com//public_html/" local="132339859531772088" remote="132536209200000000" Dst="0" />
<file name="_elements.scss" server="files.000webhost.com//public_html/" local="132339859532411722" remote="132536209200000000" Dst="0" />
<file name="_flexbox.scss" server="files.000webhost.com//public_html/" local="132339859532911441" remote="132536209200000000" Dst="0" />
<file name="_footer.scss" server="files.000webhost.com//public_html/" local="132339859533191289" remote="132536209200000000" Dst="0" />
<file name="_header.scss" server="files.000webhost.com//public_html/" local="132339859533700991" remote="132536209200000000" Dst="0" />
<file name="_home.scss" server="files.000webhost.com//public_html/" local="132339859534030806" remote="132536209200000000" Dst="0" />
<file name="_mixins.scss" server="files.000webhost.com//public_html/" local="132339859534910286" remote="132536209200000000" Dst="0" />
<file name="_predefined.scss" server="files.000webhost.com//public_html/" local="132339859535250094" remote="132536209200000000" Dst="0" />
<file name="_reset.scss" server="files.000webhost.com//public_html/" local="132339859536029652" remote="132536209200000000" Dst="0" />
<file name="_variables.scss" server="files.000webhost.com//public_html/" local="132339859536169577" remote="132536209200000000" Dst="0" />
</dwsync>