<?xml version="1.0" encoding="utf-8" ?>
<dwsync>
<file name="_background-variant.scss" server="files.000webhost.com//public_html/" local="132339859497981452" remote="132536207400000000" Dst="0" />
<file name="_alert.scss" server="files.000webhost.com//public_html/" local="132339859497811545" remote="132536207400000000" Dst="0" />
<file name="_badge.scss" server="files.000webhost.com//public_html/" local="132339859498131362" remote="132536207400000000" Dst="0" />
<file name="_border-radius.scss" server="files.000webhost.com//public_html/" local="132339859498751001" remote="132536207400000000" Dst="0" />
<file name="_box-shadow.scss" server="files.000webhost.com//public_html/" local="132339859498860953" remote="132536207400000000" Dst="0" />
<file name="_buttons.scss" server="files.000webhost.com//public_html/" local="132339859499910342" remote="132536207400000000" Dst="0" />
<file name="_breakpoints.scss" server="files.000webhost.com//public_html/" local="132339859499480592" remote="132536207400000000" Dst="0" />
<file name="_caret.scss" server="files.000webhost.com//public_html/" local="132339859500190183" remote="132536207400000000" Dst="0" />
<file name="_clearfix.scss" server="files.000webhost.com//public_html/" local="132339859500370087" remote="132536207400000000" Dst="0" />
<file name="_float.scss" server="files.000webhost.com//public_html/" local="132339859500549978" remote="132536207400000000" Dst="0" />
<file name="_forms.scss" server="files.000webhost.com//public_html/" local="132339859500819826" remote="132536207400000000" Dst="0" />
<file name="_gradients.scss" server="files.000webhost.com//public_html/" local="132339859501189612" remote="132536207400000000" Dst="0" />
<file name="_grid.scss" server="files.000webhost.com//public_html/" local="132339859501799265" remote="132536207400000000" Dst="0" />
<file name="_grid-framework.scss" server="files.000webhost.com//public_html/" local="132339859501539421" remote="132536207400000000" Dst="0" />
<file name="_hover.scss" server="files.000webhost.com//public_html/" local="132339859502179051" remote="132536207400000000" Dst="0" />
<file name="_image.scss" server="files.000webhost.com//public_html/" local="132339859503268441" remote="132536207400000000" Dst="0" />
<file name="_list-group.scss" server="files.000webhost.com//public_html/" local="132339859503408341" remote="132536207400000000" Dst="0" />
<file name="_lists.scss" server="files.000webhost.com//public_html/" local="132339859503768134" remote="132536207400000000" Dst="0" />
<file name="_nav-divider.scss" server="files.000webhost.com//public_html/" local="132339859503938043" remote="132536207400000000" Dst="0" />
<file name="_pagination.scss" server="files.000webhost.com//public_html/" local="132339859504617643" remote="132536207400000000" Dst="0" />
<file name="_navbar-align.scss" server="files.000webhost.com//public_html/" local="132339859504227881" remote="132536207400000000" Dst="0" />
<file name="_reset-text.scss" server="files.000webhost.com//public_html/" local="132339859504757572" remote="132536207400000000" Dst="0" />
<file name="_resize.scss" server="files.000webhost.com//public_html/" local="132339859504917478" remote="132536207400000000" Dst="0" />
<file name="_screen-reader.scss" server="files.000webhost.com//public_html/" local="132339859505257281" remote="132536207400000000" Dst="0" />
<file name="_size.scss" server="files.000webhost.com//public_html/" local="132339859505417186" remote="132536207400000000" Dst="0" />
<file name="_text-emphasis.scss" server="files.000webhost.com//public_html/" local="132339859505707023" remote="132536207400000000" Dst="0" />
<file name="_table-row.scss" server="files.000webhost.com//public_html/" local="132339859505547125" remote="132536207400000000" Dst="0" />
<file name="_text-hide.scss" server="files.000webhost.com//public_html/" local="132339859505856934" remote="132536207400000000" Dst="0" />
<file name="_text-truncate.scss" server="files.000webhost.com//public_html/" local="132339859505976867" remote="132536208000000000" Dst="0" />
<file name="_transition.scss" server="files.000webhost.com//public_html/" local="132339859506106791" remote="132536208000000000" Dst="0" />
<file name="_visibility.scss" server="files.000webhost.com//public_html/" local="132339859506236712" remote="132536208000000000" Dst="0" />
</dwsync>