<?xml version="1.0" encoding="utf-8" ?>
<dwsync>
<file name="animate.min.css" server="files.000webhost.com//public_html/" local="132339859396704332" remote="132536199600000000" Dst="0" />
<file name="font-awesome.min.css" server="files.000webhost.com//public_html/" local="132339859400712017" remote="132536199600000000" Dst="0" />
<file name="bootstrap.css" server="files.000webhost.com//public_html/" local="132339859400132363" remote="132536199600000000" Dst="0" />
<file name="jquery.DonutWidget.min.css" server="files.000webhost.com//public_html/" local="132339859401531563" remote="132536199600000000" Dst="0" />
<file name="jquerysctipttop.css" server="files.000webhost.com//public_html/" local="132339859402620922" remote="132536199600000000" Dst="0" />
<file name="linearicons.css" server="files.000webhost.com//public_html/" local="132339859403750277" remote="132536199600000000" Dst="0" />
<file name="magnific-popup.css" server="files.000webhost.com//public_html/" local="132339859404409901" remote="132536199600000000" Dst="0" />
<file name="main.css" server="files.000webhost.com//public_html/" local="132339859404979579" remote="132536199600000000" Dst="0" />
<file name="nice-select.css" server="files.000webhost.com//public_html/" local="132339859405589231" remote="132536199600000000" Dst="0" />
<file name="owl.carousel.css" server="files.000webhost.com//public_html/" local="132339859406098929" remote="132536199600000000" Dst="0" />
</dwsync>