{
    "theme_path": "D:\\xampp\\htdocs\\agwis\\app\\Template\\educature\\",
    "html": [
        "about.html",
        "blog-home.html",
        "blog-single.html",
        "contact.html",
        "courses.html",
        "elements.html",
        "index.html"
    ],
    "css": [
        "css\\animate.min.css",
        "css\\bootstrap\\bootstrap-grid.css",
        "css\\bootstrap\\bootstrap-reboot.css",
        "css\\bootstrap\\bootstrap.css",
        "css\\bootstrap.css",
        "css\\font-awesome.min.css",
        "css\\jquery.DonutWidget.min.css",
        "css\\jquerysctipttop.css",
        "css\\linearicons.css",
        "css\\magnific-popup.css",
        "css\\main.css",
        "css\\nice-select.css",
        "css\\owl.carousel.css",
        "css\\theme\\pages.css"
    ],
    "eot": [
        "fonts\\fontawesome-webfont.eot",
        "fonts\\Linearicons-Free.eot"
    ],
    "svg": [
        "fonts\\fontawesome-webfont.svg",
        "fonts\\Linearicons-Free.svg"
    ],
    "ttf": [
        "fonts\\fontawesome-webfont.ttf",
        "fonts\\Linearicons-Free.ttf"
    ],
    "woff": [
        "fonts\\fontawesome-webfont.woff",
        "fonts\\Linearicons-Free.woff"
    ],
    "jpg": [
        "img\\about.jpg",
        "img\\blog\\ads-banner.jpg",
        "img\\blog\\blog-home-banner.jpg",
        "img\\blog\\c1.jpg",
        "img\\blog\\c2.jpg",
        "img\\blog\\c3.jpg",
        "img\\blog\\c4.jpg",
        "img\\blog\\c5.jpg",
        "img\\blog\\c6.jpg",
        "img\\blog\\cat-widget1.jpg",
        "img\\blog\\cat-widget2.jpg",
        "img\\blog\\cat-widget3.jpg",
        "img\\blog\\feature-img1.jpg",
        "img\\blog\\feature-img2.jpg",
        "img\\blog\\feature-img3.jpg",
        "img\\blog\\feature-img4.jpg",
        "img\\blog\\feature-img5.jpg",
        "img\\blog\\next.jpg",
        "img\\blog\\post-img1.jpg",
        "img\\blog\\post-img2.jpg",
        "img\\blog\\pp1.jpg",
        "img\\blog\\pp2.jpg",
        "img\\blog\\pp3.jpg",
        "img\\blog\\pp4.jpg",
        "img\\blog\\prev.jpg",
        "img\\blog\\s-img.jpg",
        "img\\elements\\d.jpg",
        "img\\elements\\f1.jpg",
        "img\\elements\\f2.jpg",
        "img\\elements\\f3.jpg",
        "img\\elements\\f4.jpg",
        "img\\elements\\f5.jpg",
        "img\\elements\\f6.jpg",
        "img\\elements\\f7.jpg",
        "img\\elements\\f8.jpg",
        "img\\elements\\g1.jpg",
        "img\\elements\\g2.jpg",
        "img\\elements\\g3.jpg",
        "img\\elements\\g4.jpg",
        "img\\elements\\g5.jpg",
        "img\\elements\\g6.jpg",
        "img\\elements\\g7.jpg",
        "img\\elements\\g8.jpg",
        "img\\faculty\\f1.jpg",
        "img\\faculty\\f2.jpg",
        "img\\faculty\\f3.jpg",
        "img\\faculty\\f4.jpg",
        "img\\testimonial\\t1.jpg",
        "img\\testimonial\\t2.jpg",
        "img\\testimonial\\t3.jpg",
        "img\\testimonial\\t4.jpg"
    ],
    "png": [
        "img\\banner-bg.png",
        "img\\blog\\user-info.png",
        "img\\elements\\disabled-check.png",
        "img\\elements\\disabled-radio.png",
        "img\\elements\\primary-check.png",
        "img\\elements\\primary-radio.png",
        "img\\elements\\success-check.png",
        "img\\elements\\success-radio.png",
        "img\\fav.png",
        "img\\header-bg.png",
        "img\\logo.png",
        "img\\quote.png",
        "img\\rocket.png"
    ],
    "js": [
        "js\\easing.min.js",
        "js\\hoverIntent.js",
        "js\\jquery.ajaxchimp.min.js",
        "js\\jquery.counterup.min.js",
        "js\\jquery.magnific-popup.min.js",
        "js\\jquery.nice-select.min.js",
        "js\\jquery.sticky.js",
        "js\\mail-script.js",
        "js\\main.js",
        "js\\owl-carousel-thumb.min.js",
        "js\\owl.carousel.min.js",
        "js\\parallax.min.js",
        "js\\slick.js",
        "js\\superfish.js",
        "js\\superfish.min.js",
        "js\\vendor\\bootstrap.min.js",
        "js\\vendor\\jquery-2.2.4.min.js",
        "js\\waypoints.min.js",
        "js\\wow.min.js"
    ],
    "scss": [
        "scss\\bootstrap\\bootstrap-grid.scss",
        "scss\\bootstrap\\bootstrap-reboot.scss",
        "scss\\bootstrap\\bootstrap.scss",
        "scss\\bootstrap\\mixins\\_alert.scss",
        "scss\\bootstrap\\mixins\\_background-variant.scss",
        "scss\\bootstrap\\mixins\\_badge.scss",
        "scss\\bootstrap\\mixins\\_border-radius.scss",
        "scss\\bootstrap\\mixins\\_box-shadow.scss",
        "scss\\bootstrap\\mixins\\_breakpoints.scss",
        "scss\\bootstrap\\mixins\\_buttons.scss",
        "scss\\bootstrap\\mixins\\_caret.scss",
        "scss\\bootstrap\\mixins\\_clearfix.scss",
        "scss\\bootstrap\\mixins\\_float.scss",
        "scss\\bootstrap\\mixins\\_forms.scss",
        "scss\\bootstrap\\mixins\\_gradients.scss",
        "scss\\bootstrap\\mixins\\_grid-framework.scss",
        "scss\\bootstrap\\mixins\\_grid.scss",
        "scss\\bootstrap\\mixins\\_hover.scss",
        "scss\\bootstrap\\mixins\\_image.scss",
        "scss\\bootstrap\\mixins\\_list-group.scss",
        "scss\\bootstrap\\mixins\\_lists.scss",
        "scss\\bootstrap\\mixins\\_nav-divider.scss",
        "scss\\bootstrap\\mixins\\_navbar-align.scss",
        "scss\\bootstrap\\mixins\\_pagination.scss",
        "scss\\bootstrap\\mixins\\_reset-text.scss",
        "scss\\bootstrap\\mixins\\_resize.scss",
        "scss\\bootstrap\\mixins\\_screen-reader.scss",
        "scss\\bootstrap\\mixins\\_size.scss",
        "scss\\bootstrap\\mixins\\_table-row.scss",
        "scss\\bootstrap\\mixins\\_text-emphasis.scss",
        "scss\\bootstrap\\mixins\\_text-hide.scss",
        "scss\\bootstrap\\mixins\\_text-truncate.scss",
        "scss\\bootstrap\\mixins\\_transition.scss",
        "scss\\bootstrap\\mixins\\_visibility.scss",
        "scss\\bootstrap\\utilities\\_align.scss",
        "scss\\bootstrap\\utilities\\_background.scss",
        "scss\\bootstrap\\utilities\\_borders.scss",
        "scss\\bootstrap\\utilities\\_clearfix.scss",
        "scss\\bootstrap\\utilities\\_display.scss",
        "scss\\bootstrap\\utilities\\_embed.scss",
        "scss\\bootstrap\\utilities\\_flex.scss",
        "scss\\bootstrap\\utilities\\_float.scss",
        "scss\\bootstrap\\utilities\\_position.scss",
        "scss\\bootstrap\\utilities\\_screenreaders.scss",
        "scss\\bootstrap\\utilities\\_sizing.scss",
        "scss\\bootstrap\\utilities\\_spacing.scss",
        "scss\\bootstrap\\utilities\\_text.scss",
        "scss\\bootstrap\\utilities\\_visibility.scss",
        "scss\\bootstrap\\_alert.scss",
        "scss\\bootstrap\\_badge.scss",
        "scss\\bootstrap\\_breadcrumb.scss",
        "scss\\bootstrap\\_button-group.scss",
        "scss\\bootstrap\\_buttons.scss",
        "scss\\bootstrap\\_card.scss",
        "scss\\bootstrap\\_carousel.scss",
        "scss\\bootstrap\\_close.scss",
        "scss\\bootstrap\\_code.scss",
        "scss\\bootstrap\\_custom-forms.scss",
        "scss\\bootstrap\\_dropdown.scss",
        "scss\\bootstrap\\_forms.scss",
        "scss\\bootstrap\\_functions.scss",
        "scss\\bootstrap\\_grid.scss",
        "scss\\bootstrap\\_images.scss",
        "scss\\bootstrap\\_input-group.scss",
        "scss\\bootstrap\\_jumbotron.scss",
        "scss\\bootstrap\\_list-group.scss",
        "scss\\bootstrap\\_media.scss",
        "scss\\bootstrap\\_mixins.scss",
        "scss\\bootstrap\\_modal.scss",
        "scss\\bootstrap\\_nav.scss",
        "scss\\bootstrap\\_navbar.scss",
        "scss\\bootstrap\\_pagination.scss",
        "scss\\bootstrap\\_popover.scss",
        "scss\\bootstrap\\_print.scss",
        "scss\\bootstrap\\_progress.scss",
        "scss\\bootstrap\\_reboot.scss",
        "scss\\bootstrap\\_root.scss",
        "scss\\bootstrap\\_tables.scss",
        "scss\\bootstrap\\_tooltip.scss",
        "scss\\bootstrap\\_transitions.scss",
        "scss\\bootstrap\\_type.scss",
        "scss\\bootstrap\\_utilities.scss",
        "scss\\bootstrap\\_variables.scss",
        "scss\\bootstrap.scss",
        "scss\\main.scss",
        "scss\\theme\\_blog.scss",
        "scss\\theme\\_elements.scss",
        "scss\\theme\\_flexbox.scss",
        "scss\\theme\\_footer.scss",
        "scss\\theme\\_header.scss",
        "scss\\theme\\_home.scss",
        "scss\\theme\\_mixins.scss",
        "scss\\theme\\_predefined.scss",
        "scss\\theme\\_reset.scss",
        "scss\\theme\\_variables.scss"
    ]
}